num_comentario,fecha,descripcion
com001,2025-03-03,Excelente iniciativa
com002,2025-03-03,Muy buena noticia
com003,2025-03-05,Gracias por la informacion
com004,2025-03-05,Participare en la actividad
com005,2025-03-06,Importante para todos
com006,2025-03-06,Felicitaciones al equipo
com007,2025-03-08,Esperamos mas detalles
com008,2025-03-08,Gran oportunidad laboral
com009,2025-03-09,Me parece una buena idea
com010,2025-03-09,Cuenta conmigo
com011,,Excelente trabajo realizado
com012,,Esto ayudara bastante
com013,,Muy util la actualización
com014,,Gracias por compartir
com015,,Buena gestión del equipo
com016,,Muy interesante propuesta
com017,,Quedo atento a novedades
com018,,Importante anuncio
com019,,Excelente coordinación
com020,,Muy motivador
com021,,Apoyo totalmente la iniciativa
com022,,Se nota el esfuerzo
com023,,Gran aporte para la empresa
com024,,Esto mejorará el ambiente laboral
com025,,Felicitaciones a todos
com026,,Excelente comunicación
com027,,Esperamos resultados positivos
com028,,Muy acertada la decisión
com029,,Gracias por el apoyo
com030,,Muy buen trabajo
com031,,Será de gran ayuda
com032,,Todo el equipo está motivado
com033,,Excelente organización
com034,,Muy necesaria esta actividad
com035,,Gran noticia para el área
com036,,Importante para el crecimiento
com037,,Muy satisfecho con el resultado
com038,,Excelente planificación
com039,,Gracias por liderar el proceso
com040,,Gran compromiso del equipo
com041,,Me parece excelente
com042,,Muy positiva la propuesta
com043,,Esto ayudará al desempeño
com044,,Gran iniciativa corporativa
com045,,Excelente avance
com046,,Totalmente de acuerdo
com047,,Muy útil para todos
com048,,Felicitaciones por el logro
com049,,Importante para el futuro
com050,,Excelente ambiente laboral
