num_empresarial,num_post
20259,post008
20260,post009
20261,post010
20262,post011
20263,post012
20264,post013
20265,post014
20266,post015
20267,post016
20268,post017
20269,post018
20270,post019
20271,post020
20272,post021
20273,post022
20274,post023
20275,post024
20276,post025
20259,post010
20259,post011
20259,post012
20260,post009
20260,post012
20260,post015
20261,post008
20261,post013
20261,post018
20262,post011
20262,post014
20262,post020
20263,post010
20263,post015
20263,post022
20264,post008
20264,post016
20264,post024
20265,post009
20265,post017
20265,post023
20266,post010
20266,post018
20266,post025
20267,post011
20267,post019
20267,post021
20268,post012
20268,post020
20268,post022
20269,post013
20269,post014
20269,post016
20270,post015
20270,post017
20270,post019
20271,post008
20271,post021
20271,post024
20272,post009
20272,post022
20272,post025
20273,post010
20273,post013
20273,post018
20274,post011
20274,post014
20274,post023
20275,post012
20275,post015
20275,post020
20276,post008
20276,post016
20276,post019
